environment,customer_id,deployment_id,pre_delete_status,list_http_code,delete_http_code,execution_disposition,execution_reason
prod,87ca3375-c69d-4844-98b0-4bd2cc471687,,no_deployments,200,,no_deployments,customer_has_zero_deployments
prod,2d292d38-83f1-4ad1-85c2-a91c88851c8b,,no_deployments,200,,no_deployments,customer_has_zero_deployments
prod,adce70ce-de4f-490f-a5f2-5002f946351d,,no_deployments,200,,no_deployments,customer_has_zero_deployments
prod,b2c60561-f0d7-4a8a-a4bf-ae0b01fdfcfa,,no_deployments,200,,no_deployments,customer_has_zero_deployments
prod,5a182d14-dbb8-4abf-a70c-d3ae440bad4d,,no_deployments,200,,no_deployments,customer_has_zero_deployments
prod,f8ee712c-330a-4d3a-9ea7-7c60f890e615,,no_deployments,200,,no_deployments,customer_has_zero_deployments
prod,64756236-1ef8-4a6e-a331-274ad5b50e45,,no_deployments,200,,no_deployments,customer_has_zero_deployments
prod,2972a142-eeee-4399-a2cf-f8d323cf654d,,no_deployments,200,,no_deployments,customer_has_zero_deployments
prod,afcb1eab-2469-4473-9458-ebe599c59087,,no_deployments,200,,no_deployments,customer_has_zero_deployments
prod,9945212b-c0d6-4370-89f5-5adec450970a,,no_deployments,200,,no_deployments,customer_has_zero_deployments
prod,b125d205-7481-4591-83f1-dcc63822aa5f,,no_deployments,200,,no_deployments,customer_has_zero_deployments
prod,cf5fbc76-f3c2-4f59-9119-92d60ee18f4f,,no_deployments,200,,no_deployments,customer_has_zero_deployments
prod,8f1ef34e-cd84-489d-883d-bcf25681b105,,no_deployments,200,,no_deployments,customer_has_zero_deployments
prod,e25fdf82-66e6-4179-83a8-99c48f7e6e50,,no_deployments,200,,no_deployments,customer_has_zero_deployments
prod,bc7c2b72-f3a0-48ab-bce6-9e97f2cdcc2e,,no_deployments,200,,no_deployments,customer_has_zero_deployments
prod,9305d4a4-38c3-4dba-ab83-842c32a2e161,,no_deployments,200,,no_deployments,customer_has_zero_deployments
prod,20529eff-3ea2-4d9f-820f-13583ee81bd8,,no_deployments,200,,no_deployments,customer_has_zero_deployments
prod,042da7ab-71af-4f8e-876e-07ba44557c60,,no_deployments,200,,no_deployments,customer_has_zero_deployments
prod,e57a162a-7c0d-4a08-bf4a-4b877021c1fe,,no_deployments,200,,no_deployments,customer_has_zero_deployments
prod,7c3ef8de-b912-4879-847b-7dea44b73f5b,,no_deployments,200,,no_deployments,customer_has_zero_deployments
prod,5ce40f27-7aa9-460a-aac0-5804f2697ef9,,no_deployments,200,,no_deployments,customer_has_zero_deployments
prod,657c107b-72e0-4616-a059-f24258d4e6df,,no_deployments,200,,no_deployments,customer_has_zero_deployments
prod,c3c5ef36-9215-4948-b2e2-c0c9f42888a3,,no_deployments,200,,no_deployments,customer_has_zero_deployments
prod,d06edbe3-4a16-41d5-9328-74a519a9103a,,no_deployments,200,,no_deployments,customer_has_zero_deployments
prod,6cf83d45-5641-404e-8d38-72b6e1e4a2ce,,no_deployments,200,,no_deployments,customer_has_zero_deployments
prod,c5abda10-a045-4b1b-bc50-cdddc5ad6903,,no_deployments,200,,no_deployments,customer_has_zero_deployments
prod,2a0d4324-87b7-4f03-b1ac-63493ed211e7,,no_deployments,200,,no_deployments,customer_has_zero_deployments
prod,d6852b16-ccba-4986-aecf-feada8f65a52,,no_deployments,200,,no_deployments,customer_has_zero_deployments
prod,199b20ef-c5c9-4ffc-a8dd-8ffbdbce3a27,,no_deployments,200,,no_deployments,customer_has_zero_deployments
prod,4e172e6b-c10a-479c-bb89-4cd807c71f61,,no_deployments,200,,no_deployments,customer_has_zero_deployments
prod,e77f2323-1e2d-486b-906d-c26de35f66a8,,no_deployments,200,,no_deployments,customer_has_zero_deployments
prod,f99e551a-524e-4ba2-acbb-e5d06b78e2f7,,no_deployments,200,,no_deployments,customer_has_zero_deployments
prod,4c2f1ee5-05ec-45eb-a4f4-153897a339eb,,no_deployments,200,,no_deployments,customer_has_zero_deployments
prod,c4df8e66-f443-4023-91a2-f45fd29ddb45,,no_deployments,200,,no_deployments,customer_has_zero_deployments
prod,f5cabc9e-83ef-4cc8-ae4b-a880e5b4e208,,no_deployments,200,,no_deployments,customer_has_zero_deployments
prod,1c239c5e-7a73-4847-8ced-bb977ba969af,,no_deployments,200,,no_deployments,customer_has_zero_deployments
prod,09f4197b-456e-4a8e-ab0c-82299b2cbc6f,,no_deployments,200,,no_deployments,customer_has_zero_deployments
prod,f1db3cc1-195d-489c-9000-ca5602beea85,,no_deployments,200,,no_deployments,customer_has_zero_deployments
prod,e91b3759-a9dc-4ea4-86e4-731712ed5a9b,,no_deployments,200,,no_deployments,customer_has_zero_deployments
prod,da8bd203-7ba9-4de6-88c5-a53390142b21,,no_deployments,200,,no_deployments,customer_has_zero_deployments
prod,27b5e4ea-31b5-41fc-b4dd-78006ee22d83,,no_deployments,200,,no_deployments,customer_has_zero_deployments
prod,aaf69144-55ca-47ca-8e97-d1af866ee8c6,,no_deployments,200,,no_deployments,customer_has_zero_deployments
prod,871fcac7-1b34-4d2c-bde2-a5a599436ba6,,no_deployments,200,,no_deployments,customer_has_zero_deployments
staging,5678419f-db8b-45e8-8096-e2ff547ecf06,,,404,,list_failed,list_http_404
staging,91bd1c83-760d-497c-8e5a-f801a0678859,,,404,,list_failed,list_http_404
staging,f087a22f-b356-4471-957f-beb45467d3a0,,,404,,list_failed,list_http_404
staging,3aae7a8c-df9a-4d3d-ac4e-90b611def503,,,404,,list_failed,list_http_404
staging,e090beb9-4e87-438f-b24e-22502c5d83b1,,no_deployments,200,,no_deployments,customer_has_zero_deployments
staging,2fb3f55a-0a05-451b-abe7-e9e995cfe1a2,,no_deployments,200,,no_deployments,customer_has_zero_deployments
staging,8c86dc74-3d94-424e-bf3f-08724dec571c,,no_deployments,200,,no_deployments,customer_has_zero_deployments
staging,5b9e22b4-c760-40f5-b0b0-aea473b3b35c,,no_deployments,200,,no_deployments,customer_has_zero_deployments
staging,2fcfe758-49a2-4919-a887-925fcf7e6e34,,no_deployments,200,,no_deployments,customer_has_zero_deployments
staging,81d06028-581a-4ea7-9e95-1026adedefad,,no_deployments,200,,no_deployments,customer_has_zero_deployments
staging,4fc9a6d7-35ab-4b4f-bd3d-67185cc02aa9,,,404,,list_failed,list_http_404
staging,62c16e8b-62b1-445b-8e2e-78a530d919e3,,,404,,list_failed,list_http_404
staging,12806dcc-d3d6-4e60-a57b-bc75cb045f02,,,404,,list_failed,list_http_404
staging,8f331a34-d7db-4f38-b281-5d1abda9914b,,,404,,list_failed,list_http_404
staging,b2a36d77-6826-4481-b8c0-8d1b0e23d55b,,,404,,list_failed,list_http_404
staging,a50a82fd-ec9e-4b07-a6fe-5ed59e60b58f,,,404,,list_failed,list_http_404
staging,aa04b5c0-5c98-45f4-98e9-c29586369424,,,404,,list_failed,list_http_404
staging,b5eb7e38-2959-4edf-ba26-4cbb758b743b,,,404,,list_failed,list_http_404
staging,f6bb31ed-2fa3-49c6-bb72-cea5fe259f3e,,,404,,list_failed,list_http_404
