prod	87ca3375-c69d-4844-98b0-4bd2cc471687	no_deployments	customer_has_zero_deployments	delete	404	already_deleted_confirmed	delete_404_admin_get_deleted	docs/runbooks/evidence/prod_db_leak_cleanup/20260521T193529Z_stage5_tenant_soft_delete/runs/primary/24_delete_attempts/prod_87ca3375-c69d-4844-98b0-4bd2cc471687_delete.meta.json	docs/runbooks/evidence/prod_db_leak_cleanup/20260521T193529Z_stage5_tenant_soft_delete/runs/primary/24_delete_attempts/prod_87ca3375-c69d-4844-98b0-4bd2cc471687_delete.body	
prod	2d292d38-83f1-4ad1-85c2-a91c88851c8b	no_deployments	customer_has_zero_deployments	delete	404	already_deleted_confirmed	delete_404_admin_get_deleted	docs/runbooks/evidence/prod_db_leak_cleanup/20260521T193529Z_stage5_tenant_soft_delete/runs/primary/24_delete_attempts/prod_2d292d38-83f1-4ad1-85c2-a91c88851c8b_delete.meta.json	docs/runbooks/evidence/prod_db_leak_cleanup/20260521T193529Z_stage5_tenant_soft_delete/runs/primary/24_delete_attempts/prod_2d292d38-83f1-4ad1-85c2-a91c88851c8b_delete.body	
prod	adce70ce-de4f-490f-a5f2-5002f946351d	no_deployments	customer_has_zero_deployments	delete	404	already_deleted_confirmed	delete_404_admin_get_deleted	docs/runbooks/evidence/prod_db_leak_cleanup/20260521T193529Z_stage5_tenant_soft_delete/runs/primary/24_delete_attempts/prod_adce70ce-de4f-490f-a5f2-5002f946351d_delete.meta.json	docs/runbooks/evidence/prod_db_leak_cleanup/20260521T193529Z_stage5_tenant_soft_delete/runs/primary/24_delete_attempts/prod_adce70ce-de4f-490f-a5f2-5002f946351d_delete.body	
prod	b2c60561-f0d7-4a8a-a4bf-ae0b01fdfcfa	no_deployments	customer_has_zero_deployments	delete	404	already_deleted_confirmed	delete_404_admin_get_deleted	docs/runbooks/evidence/prod_db_leak_cleanup/20260521T193529Z_stage5_tenant_soft_delete/runs/primary/24_delete_attempts/prod_b2c60561-f0d7-4a8a-a4bf-ae0b01fdfcfa_delete.meta.json	docs/runbooks/evidence/prod_db_leak_cleanup/20260521T193529Z_stage5_tenant_soft_delete/runs/primary/24_delete_attempts/prod_b2c60561-f0d7-4a8a-a4bf-ae0b01fdfcfa_delete.body	
prod	5a182d14-dbb8-4abf-a70c-d3ae440bad4d	no_deployments	customer_has_zero_deployments	delete	404	already_deleted_confirmed	delete_404_admin_get_deleted	docs/runbooks/evidence/prod_db_leak_cleanup/20260521T193529Z_stage5_tenant_soft_delete/runs/primary/24_delete_attempts/prod_5a182d14-dbb8-4abf-a70c-d3ae440bad4d_delete.meta.json	docs/runbooks/evidence/prod_db_leak_cleanup/20260521T193529Z_stage5_tenant_soft_delete/runs/primary/24_delete_attempts/prod_5a182d14-dbb8-4abf-a70c-d3ae440bad4d_delete.body	
prod	f8ee712c-330a-4d3a-9ea7-7c60f890e615	no_deployments	customer_has_zero_deployments	delete	404	already_deleted_confirmed	delete_404_admin_get_deleted	docs/runbooks/evidence/prod_db_leak_cleanup/20260521T193529Z_stage5_tenant_soft_delete/runs/primary/24_delete_attempts/prod_f8ee712c-330a-4d3a-9ea7-7c60f890e615_delete.meta.json	docs/runbooks/evidence/prod_db_leak_cleanup/20260521T193529Z_stage5_tenant_soft_delete/runs/primary/24_delete_attempts/prod_f8ee712c-330a-4d3a-9ea7-7c60f890e615_delete.body	
prod	64756236-1ef8-4a6e-a331-274ad5b50e45	no_deployments	customer_has_zero_deployments	delete	404	already_deleted_confirmed	delete_404_admin_get_deleted	docs/runbooks/evidence/prod_db_leak_cleanup/20260521T193529Z_stage5_tenant_soft_delete/runs/primary/24_delete_attempts/prod_64756236-1ef8-4a6e-a331-274ad5b50e45_delete.meta.json	docs/runbooks/evidence/prod_db_leak_cleanup/20260521T193529Z_stage5_tenant_soft_delete/runs/primary/24_delete_attempts/prod_64756236-1ef8-4a6e-a331-274ad5b50e45_delete.body	
prod	2972a142-eeee-4399-a2cf-f8d323cf654d	no_deployments	customer_has_zero_deployments	delete	404	already_deleted_confirmed	delete_404_admin_get_deleted	docs/runbooks/evidence/prod_db_leak_cleanup/20260521T193529Z_stage5_tenant_soft_delete/runs/primary/24_delete_attempts/prod_2972a142-eeee-4399-a2cf-f8d323cf654d_delete.meta.json	docs/runbooks/evidence/prod_db_leak_cleanup/20260521T193529Z_stage5_tenant_soft_delete/runs/primary/24_delete_attempts/prod_2972a142-eeee-4399-a2cf-f8d323cf654d_delete.body	
prod	afcb1eab-2469-4473-9458-ebe599c59087	no_deployments	customer_has_zero_deployments	delete	404	already_deleted_confirmed	delete_404_admin_get_deleted	docs/runbooks/evidence/prod_db_leak_cleanup/20260521T193529Z_stage5_tenant_soft_delete/runs/primary/24_delete_attempts/prod_afcb1eab-2469-4473-9458-ebe599c59087_delete.meta.json	docs/runbooks/evidence/prod_db_leak_cleanup/20260521T193529Z_stage5_tenant_soft_delete/runs/primary/24_delete_attempts/prod_afcb1eab-2469-4473-9458-ebe599c59087_delete.body	
prod	9945212b-c0d6-4370-89f5-5adec450970a	no_deployments	customer_has_zero_deployments	delete	404	already_deleted_confirmed	delete_404_admin_get_deleted	docs/runbooks/evidence/prod_db_leak_cleanup/20260521T193529Z_stage5_tenant_soft_delete/runs/primary/24_delete_attempts/prod_9945212b-c0d6-4370-89f5-5adec450970a_delete.meta.json	docs/runbooks/evidence/prod_db_leak_cleanup/20260521T193529Z_stage5_tenant_soft_delete/runs/primary/24_delete_attempts/prod_9945212b-c0d6-4370-89f5-5adec450970a_delete.body	
prod	b125d205-7481-4591-83f1-dcc63822aa5f	no_deployments	customer_has_zero_deployments	delete	404	already_deleted_confirmed	delete_404_admin_get_deleted	docs/runbooks/evidence/prod_db_leak_cleanup/20260521T193529Z_stage5_tenant_soft_delete/runs/primary/24_delete_attempts/prod_b125d205-7481-4591-83f1-dcc63822aa5f_delete.meta.json	docs/runbooks/evidence/prod_db_leak_cleanup/20260521T193529Z_stage5_tenant_soft_delete/runs/primary/24_delete_attempts/prod_b125d205-7481-4591-83f1-dcc63822aa5f_delete.body	
prod	cf5fbc76-f3c2-4f59-9119-92d60ee18f4f	no_deployments	customer_has_zero_deployments	delete	404	already_deleted_confirmed	delete_404_admin_get_deleted	docs/runbooks/evidence/prod_db_leak_cleanup/20260521T193529Z_stage5_tenant_soft_delete/runs/primary/24_delete_attempts/prod_cf5fbc76-f3c2-4f59-9119-92d60ee18f4f_delete.meta.json	docs/runbooks/evidence/prod_db_leak_cleanup/20260521T193529Z_stage5_tenant_soft_delete/runs/primary/24_delete_attempts/prod_cf5fbc76-f3c2-4f59-9119-92d60ee18f4f_delete.body	
prod	8f1ef34e-cd84-489d-883d-bcf25681b105	no_deployments	customer_has_zero_deployments	delete	404	already_deleted_confirmed	delete_404_admin_get_deleted	docs/runbooks/evidence/prod_db_leak_cleanup/20260521T193529Z_stage5_tenant_soft_delete/runs/primary/24_delete_attempts/prod_8f1ef34e-cd84-489d-883d-bcf25681b105_delete.meta.json	docs/runbooks/evidence/prod_db_leak_cleanup/20260521T193529Z_stage5_tenant_soft_delete/runs/primary/24_delete_attempts/prod_8f1ef34e-cd84-489d-883d-bcf25681b105_delete.body	
prod	e25fdf82-66e6-4179-83a8-99c48f7e6e50	no_deployments	customer_has_zero_deployments	delete	404	already_deleted_confirmed	delete_404_admin_get_deleted	docs/runbooks/evidence/prod_db_leak_cleanup/20260521T193529Z_stage5_tenant_soft_delete/runs/primary/24_delete_attempts/prod_e25fdf82-66e6-4179-83a8-99c48f7e6e50_delete.meta.json	docs/runbooks/evidence/prod_db_leak_cleanup/20260521T193529Z_stage5_tenant_soft_delete/runs/primary/24_delete_attempts/prod_e25fdf82-66e6-4179-83a8-99c48f7e6e50_delete.body	
prod	bc7c2b72-f3a0-48ab-bce6-9e97f2cdcc2e	no_deployments	customer_has_zero_deployments	delete	404	already_deleted_confirmed	delete_404_admin_get_deleted	docs/runbooks/evidence/prod_db_leak_cleanup/20260521T193529Z_stage5_tenant_soft_delete/runs/primary/24_delete_attempts/prod_bc7c2b72-f3a0-48ab-bce6-9e97f2cdcc2e_delete.meta.json	docs/runbooks/evidence/prod_db_leak_cleanup/20260521T193529Z_stage5_tenant_soft_delete/runs/primary/24_delete_attempts/prod_bc7c2b72-f3a0-48ab-bce6-9e97f2cdcc2e_delete.body	
prod	9305d4a4-38c3-4dba-ab83-842c32a2e161	no_deployments	customer_has_zero_deployments	delete	404	already_deleted_confirmed	delete_404_admin_get_deleted	docs/runbooks/evidence/prod_db_leak_cleanup/20260521T193529Z_stage5_tenant_soft_delete/runs/primary/24_delete_attempts/prod_9305d4a4-38c3-4dba-ab83-842c32a2e161_delete.meta.json	docs/runbooks/evidence/prod_db_leak_cleanup/20260521T193529Z_stage5_tenant_soft_delete/runs/primary/24_delete_attempts/prod_9305d4a4-38c3-4dba-ab83-842c32a2e161_delete.body	
prod	20529eff-3ea2-4d9f-820f-13583ee81bd8	no_deployments	customer_has_zero_deployments	delete	404	already_deleted_confirmed	delete_404_admin_get_deleted	docs/runbooks/evidence/prod_db_leak_cleanup/20260521T193529Z_stage5_tenant_soft_delete/runs/primary/24_delete_attempts/prod_20529eff-3ea2-4d9f-820f-13583ee81bd8_delete.meta.json	docs/runbooks/evidence/prod_db_leak_cleanup/20260521T193529Z_stage5_tenant_soft_delete/runs/primary/24_delete_attempts/prod_20529eff-3ea2-4d9f-820f-13583ee81bd8_delete.body	
prod	042da7ab-71af-4f8e-876e-07ba44557c60	no_deployments	customer_has_zero_deployments	delete	404	already_deleted_confirmed	delete_404_admin_get_deleted	docs/runbooks/evidence/prod_db_leak_cleanup/20260521T193529Z_stage5_tenant_soft_delete/runs/primary/24_delete_attempts/prod_042da7ab-71af-4f8e-876e-07ba44557c60_delete.meta.json	docs/runbooks/evidence/prod_db_leak_cleanup/20260521T193529Z_stage5_tenant_soft_delete/runs/primary/24_delete_attempts/prod_042da7ab-71af-4f8e-876e-07ba44557c60_delete.body	
prod	e57a162a-7c0d-4a08-bf4a-4b877021c1fe	no_deployments	customer_has_zero_deployments	delete	404	already_deleted_confirmed	delete_404_admin_get_deleted	docs/runbooks/evidence/prod_db_leak_cleanup/20260521T193529Z_stage5_tenant_soft_delete/runs/primary/24_delete_attempts/prod_e57a162a-7c0d-4a08-bf4a-4b877021c1fe_delete.meta.json	docs/runbooks/evidence/prod_db_leak_cleanup/20260521T193529Z_stage5_tenant_soft_delete/runs/primary/24_delete_attempts/prod_e57a162a-7c0d-4a08-bf4a-4b877021c1fe_delete.body	
prod	7c3ef8de-b912-4879-847b-7dea44b73f5b	no_deployments	customer_has_zero_deployments	delete	404	already_deleted_confirmed	delete_404_admin_get_deleted	docs/runbooks/evidence/prod_db_leak_cleanup/20260521T193529Z_stage5_tenant_soft_delete/runs/primary/24_delete_attempts/prod_7c3ef8de-b912-4879-847b-7dea44b73f5b_delete.meta.json	docs/runbooks/evidence/prod_db_leak_cleanup/20260521T193529Z_stage5_tenant_soft_delete/runs/primary/24_delete_attempts/prod_7c3ef8de-b912-4879-847b-7dea44b73f5b_delete.body	
prod	5ce40f27-7aa9-460a-aac0-5804f2697ef9	no_deployments	customer_has_zero_deployments	delete	404	already_deleted_confirmed	delete_404_admin_get_deleted	docs/runbooks/evidence/prod_db_leak_cleanup/20260521T193529Z_stage5_tenant_soft_delete/runs/primary/24_delete_attempts/prod_5ce40f27-7aa9-460a-aac0-5804f2697ef9_delete.meta.json	docs/runbooks/evidence/prod_db_leak_cleanup/20260521T193529Z_stage5_tenant_soft_delete/runs/primary/24_delete_attempts/prod_5ce40f27-7aa9-460a-aac0-5804f2697ef9_delete.body	
prod	657c107b-72e0-4616-a059-f24258d4e6df	no_deployments	customer_has_zero_deployments	delete	404	already_deleted_confirmed	delete_404_admin_get_deleted	docs/runbooks/evidence/prod_db_leak_cleanup/20260521T193529Z_stage5_tenant_soft_delete/runs/primary/24_delete_attempts/prod_657c107b-72e0-4616-a059-f24258d4e6df_delete.meta.json	docs/runbooks/evidence/prod_db_leak_cleanup/20260521T193529Z_stage5_tenant_soft_delete/runs/primary/24_delete_attempts/prod_657c107b-72e0-4616-a059-f24258d4e6df_delete.body	
prod	c3c5ef36-9215-4948-b2e2-c0c9f42888a3	no_deployments	customer_has_zero_deployments	delete	404	already_deleted_confirmed	delete_404_admin_get_deleted	docs/runbooks/evidence/prod_db_leak_cleanup/20260521T193529Z_stage5_tenant_soft_delete/runs/primary/24_delete_attempts/prod_c3c5ef36-9215-4948-b2e2-c0c9f42888a3_delete.meta.json	docs/runbooks/evidence/prod_db_leak_cleanup/20260521T193529Z_stage5_tenant_soft_delete/runs/primary/24_delete_attempts/prod_c3c5ef36-9215-4948-b2e2-c0c9f42888a3_delete.body	
prod	d06edbe3-4a16-41d5-9328-74a519a9103a	no_deployments	customer_has_zero_deployments	delete	404	already_deleted_confirmed	delete_404_admin_get_deleted	docs/runbooks/evidence/prod_db_leak_cleanup/20260521T193529Z_stage5_tenant_soft_delete/runs/primary/24_delete_attempts/prod_d06edbe3-4a16-41d5-9328-74a519a9103a_delete.meta.json	docs/runbooks/evidence/prod_db_leak_cleanup/20260521T193529Z_stage5_tenant_soft_delete/runs/primary/24_delete_attempts/prod_d06edbe3-4a16-41d5-9328-74a519a9103a_delete.body	
prod	6cf83d45-5641-404e-8d38-72b6e1e4a2ce	no_deployments	customer_has_zero_deployments	delete	404	already_deleted_confirmed	delete_404_admin_get_deleted	docs/runbooks/evidence/prod_db_leak_cleanup/20260521T193529Z_stage5_tenant_soft_delete/runs/primary/24_delete_attempts/prod_6cf83d45-5641-404e-8d38-72b6e1e4a2ce_delete.meta.json	docs/runbooks/evidence/prod_db_leak_cleanup/20260521T193529Z_stage5_tenant_soft_delete/runs/primary/24_delete_attempts/prod_6cf83d45-5641-404e-8d38-72b6e1e4a2ce_delete.body	
prod	c5abda10-a045-4b1b-bc50-cdddc5ad6903	no_deployments	customer_has_zero_deployments	delete	404	already_deleted_confirmed	delete_404_admin_get_deleted	docs/runbooks/evidence/prod_db_leak_cleanup/20260521T193529Z_stage5_tenant_soft_delete/runs/primary/24_delete_attempts/prod_c5abda10-a045-4b1b-bc50-cdddc5ad6903_delete.meta.json	docs/runbooks/evidence/prod_db_leak_cleanup/20260521T193529Z_stage5_tenant_soft_delete/runs/primary/24_delete_attempts/prod_c5abda10-a045-4b1b-bc50-cdddc5ad6903_delete.body	
prod	2a0d4324-87b7-4f03-b1ac-63493ed211e7	no_deployments	customer_has_zero_deployments	delete	404	already_deleted_confirmed	delete_404_admin_get_deleted	docs/runbooks/evidence/prod_db_leak_cleanup/20260521T193529Z_stage5_tenant_soft_delete/runs/primary/24_delete_attempts/prod_2a0d4324-87b7-4f03-b1ac-63493ed211e7_delete.meta.json	docs/runbooks/evidence/prod_db_leak_cleanup/20260521T193529Z_stage5_tenant_soft_delete/runs/primary/24_delete_attempts/prod_2a0d4324-87b7-4f03-b1ac-63493ed211e7_delete.body	
prod	d6852b16-ccba-4986-aecf-feada8f65a52	no_deployments	customer_has_zero_deployments	delete	404	already_deleted_confirmed	delete_404_admin_get_deleted	docs/runbooks/evidence/prod_db_leak_cleanup/20260521T193529Z_stage5_tenant_soft_delete/runs/primary/24_delete_attempts/prod_d6852b16-ccba-4986-aecf-feada8f65a52_delete.meta.json	docs/runbooks/evidence/prod_db_leak_cleanup/20260521T193529Z_stage5_tenant_soft_delete/runs/primary/24_delete_attempts/prod_d6852b16-ccba-4986-aecf-feada8f65a52_delete.body	
prod	199b20ef-c5c9-4ffc-a8dd-8ffbdbce3a27	no_deployments	customer_has_zero_deployments	delete	404	already_deleted_confirmed	delete_404_admin_get_deleted	docs/runbooks/evidence/prod_db_leak_cleanup/20260521T193529Z_stage5_tenant_soft_delete/runs/primary/24_delete_attempts/prod_199b20ef-c5c9-4ffc-a8dd-8ffbdbce3a27_delete.meta.json	docs/runbooks/evidence/prod_db_leak_cleanup/20260521T193529Z_stage5_tenant_soft_delete/runs/primary/24_delete_attempts/prod_199b20ef-c5c9-4ffc-a8dd-8ffbdbce3a27_delete.body	
prod	4e172e6b-c10a-479c-bb89-4cd807c71f61	no_deployments	customer_has_zero_deployments	delete	404	already_deleted_confirmed	delete_404_admin_get_deleted	docs/runbooks/evidence/prod_db_leak_cleanup/20260521T193529Z_stage5_tenant_soft_delete/runs/primary/24_delete_attempts/prod_4e172e6b-c10a-479c-bb89-4cd807c71f61_delete.meta.json	docs/runbooks/evidence/prod_db_leak_cleanup/20260521T193529Z_stage5_tenant_soft_delete/runs/primary/24_delete_attempts/prod_4e172e6b-c10a-479c-bb89-4cd807c71f61_delete.body	
prod	e77f2323-1e2d-486b-906d-c26de35f66a8	no_deployments	customer_has_zero_deployments	delete	404	already_deleted_confirmed	delete_404_admin_get_deleted	docs/runbooks/evidence/prod_db_leak_cleanup/20260521T193529Z_stage5_tenant_soft_delete/runs/primary/24_delete_attempts/prod_e77f2323-1e2d-486b-906d-c26de35f66a8_delete.meta.json	docs/runbooks/evidence/prod_db_leak_cleanup/20260521T193529Z_stage5_tenant_soft_delete/runs/primary/24_delete_attempts/prod_e77f2323-1e2d-486b-906d-c26de35f66a8_delete.body	
prod	f99e551a-524e-4ba2-acbb-e5d06b78e2f7	no_deployments	customer_has_zero_deployments	delete	404	already_deleted_confirmed	delete_404_admin_get_deleted	docs/runbooks/evidence/prod_db_leak_cleanup/20260521T193529Z_stage5_tenant_soft_delete/runs/primary/24_delete_attempts/prod_f99e551a-524e-4ba2-acbb-e5d06b78e2f7_delete.meta.json	docs/runbooks/evidence/prod_db_leak_cleanup/20260521T193529Z_stage5_tenant_soft_delete/runs/primary/24_delete_attempts/prod_f99e551a-524e-4ba2-acbb-e5d06b78e2f7_delete.body	
prod	4c2f1ee5-05ec-45eb-a4f4-153897a339eb	no_deployments	customer_has_zero_deployments	delete	404	already_deleted_confirmed	delete_404_admin_get_deleted	docs/runbooks/evidence/prod_db_leak_cleanup/20260521T193529Z_stage5_tenant_soft_delete/runs/primary/24_delete_attempts/prod_4c2f1ee5-05ec-45eb-a4f4-153897a339eb_delete.meta.json	docs/runbooks/evidence/prod_db_leak_cleanup/20260521T193529Z_stage5_tenant_soft_delete/runs/primary/24_delete_attempts/prod_4c2f1ee5-05ec-45eb-a4f4-153897a339eb_delete.body	
prod	c4df8e66-f443-4023-91a2-f45fd29ddb45	no_deployments	customer_has_zero_deployments	delete	404	already_deleted_confirmed	delete_404_admin_get_deleted	docs/runbooks/evidence/prod_db_leak_cleanup/20260521T193529Z_stage5_tenant_soft_delete/runs/primary/24_delete_attempts/prod_c4df8e66-f443-4023-91a2-f45fd29ddb45_delete.meta.json	docs/runbooks/evidence/prod_db_leak_cleanup/20260521T193529Z_stage5_tenant_soft_delete/runs/primary/24_delete_attempts/prod_c4df8e66-f443-4023-91a2-f45fd29ddb45_delete.body	
prod	f5cabc9e-83ef-4cc8-ae4b-a880e5b4e208	no_deployments	customer_has_zero_deployments	delete	404	already_deleted_confirmed	delete_404_admin_get_deleted	docs/runbooks/evidence/prod_db_leak_cleanup/20260521T193529Z_stage5_tenant_soft_delete/runs/primary/24_delete_attempts/prod_f5cabc9e-83ef-4cc8-ae4b-a880e5b4e208_delete.meta.json	docs/runbooks/evidence/prod_db_leak_cleanup/20260521T193529Z_stage5_tenant_soft_delete/runs/primary/24_delete_attempts/prod_f5cabc9e-83ef-4cc8-ae4b-a880e5b4e208_delete.body	
prod	1c239c5e-7a73-4847-8ced-bb977ba969af	no_deployments	customer_has_zero_deployments	delete	404	already_deleted_confirmed	delete_404_admin_get_deleted	docs/runbooks/evidence/prod_db_leak_cleanup/20260521T193529Z_stage5_tenant_soft_delete/runs/primary/24_delete_attempts/prod_1c239c5e-7a73-4847-8ced-bb977ba969af_delete.meta.json	docs/runbooks/evidence/prod_db_leak_cleanup/20260521T193529Z_stage5_tenant_soft_delete/runs/primary/24_delete_attempts/prod_1c239c5e-7a73-4847-8ced-bb977ba969af_delete.body	
prod	09f4197b-456e-4a8e-ab0c-82299b2cbc6f	no_deployments	customer_has_zero_deployments	delete	404	already_deleted_confirmed	delete_404_admin_get_deleted	docs/runbooks/evidence/prod_db_leak_cleanup/20260521T193529Z_stage5_tenant_soft_delete/runs/primary/24_delete_attempts/prod_09f4197b-456e-4a8e-ab0c-82299b2cbc6f_delete.meta.json	docs/runbooks/evidence/prod_db_leak_cleanup/20260521T193529Z_stage5_tenant_soft_delete/runs/primary/24_delete_attempts/prod_09f4197b-456e-4a8e-ab0c-82299b2cbc6f_delete.body	
prod	f1db3cc1-195d-489c-9000-ca5602beea85	no_deployments	customer_has_zero_deployments	delete	404	already_deleted_confirmed	delete_404_admin_get_deleted	docs/runbooks/evidence/prod_db_leak_cleanup/20260521T193529Z_stage5_tenant_soft_delete/runs/primary/24_delete_attempts/prod_f1db3cc1-195d-489c-9000-ca5602beea85_delete.meta.json	docs/runbooks/evidence/prod_db_leak_cleanup/20260521T193529Z_stage5_tenant_soft_delete/runs/primary/24_delete_attempts/prod_f1db3cc1-195d-489c-9000-ca5602beea85_delete.body	
prod	e91b3759-a9dc-4ea4-86e4-731712ed5a9b	no_deployments	customer_has_zero_deployments	delete	404	already_deleted_confirmed	delete_404_admin_get_deleted	docs/runbooks/evidence/prod_db_leak_cleanup/20260521T193529Z_stage5_tenant_soft_delete/runs/primary/24_delete_attempts/prod_e91b3759-a9dc-4ea4-86e4-731712ed5a9b_delete.meta.json	docs/runbooks/evidence/prod_db_leak_cleanup/20260521T193529Z_stage5_tenant_soft_delete/runs/primary/24_delete_attempts/prod_e91b3759-a9dc-4ea4-86e4-731712ed5a9b_delete.body	
prod	da8bd203-7ba9-4de6-88c5-a53390142b21	no_deployments	customer_has_zero_deployments	delete	404	already_deleted_confirmed	delete_404_admin_get_deleted	docs/runbooks/evidence/prod_db_leak_cleanup/20260521T193529Z_stage5_tenant_soft_delete/runs/primary/24_delete_attempts/prod_da8bd203-7ba9-4de6-88c5-a53390142b21_delete.meta.json	docs/runbooks/evidence/prod_db_leak_cleanup/20260521T193529Z_stage5_tenant_soft_delete/runs/primary/24_delete_attempts/prod_da8bd203-7ba9-4de6-88c5-a53390142b21_delete.body	
prod	27b5e4ea-31b5-41fc-b4dd-78006ee22d83	no_deployments	customer_has_zero_deployments	delete	404	already_deleted_confirmed	delete_404_admin_get_deleted	docs/runbooks/evidence/prod_db_leak_cleanup/20260521T193529Z_stage5_tenant_soft_delete/runs/primary/24_delete_attempts/prod_27b5e4ea-31b5-41fc-b4dd-78006ee22d83_delete.meta.json	docs/runbooks/evidence/prod_db_leak_cleanup/20260521T193529Z_stage5_tenant_soft_delete/runs/primary/24_delete_attempts/prod_27b5e4ea-31b5-41fc-b4dd-78006ee22d83_delete.body	
prod	aaf69144-55ca-47ca-8e97-d1af866ee8c6	no_deployments	customer_has_zero_deployments	delete	404	already_deleted_confirmed	delete_404_admin_get_deleted	docs/runbooks/evidence/prod_db_leak_cleanup/20260521T193529Z_stage5_tenant_soft_delete/runs/primary/24_delete_attempts/prod_aaf69144-55ca-47ca-8e97-d1af866ee8c6_delete.meta.json	docs/runbooks/evidence/prod_db_leak_cleanup/20260521T193529Z_stage5_tenant_soft_delete/runs/primary/24_delete_attempts/prod_aaf69144-55ca-47ca-8e97-d1af866ee8c6_delete.body	
prod	871fcac7-1b34-4d2c-bde2-a5a599436ba6	no_deployments	customer_has_zero_deployments	delete	404	already_deleted_confirmed	delete_404_admin_get_deleted	docs/runbooks/evidence/prod_db_leak_cleanup/20260521T193529Z_stage5_tenant_soft_delete/runs/primary/24_delete_attempts/prod_871fcac7-1b34-4d2c-bde2-a5a599436ba6_delete.meta.json	docs/runbooks/evidence/prod_db_leak_cleanup/20260521T193529Z_stage5_tenant_soft_delete/runs/primary/24_delete_attempts/prod_871fcac7-1b34-4d2c-bde2-a5a599436ba6_delete.body	
staging	5678419f-db8b-45e8-8096-e2ff547ecf06	list_failed	list_http_404	verify_404		already_deleted_confirmed	stage4_list_http_404_db_confirmed			docs/runbooks/evidence/prod_db_leak_cleanup/20260521T193529Z_stage5_tenant_soft_delete/runs/primary/26_staging_404_verification/staging_5678419f-db8b-45e8-8096-e2ff547ecf06_list_404_db.json
staging	91bd1c83-760d-497c-8e5a-f801a0678859	list_failed	list_http_404	verify_404		already_deleted_confirmed	stage4_list_http_404_db_confirmed			docs/runbooks/evidence/prod_db_leak_cleanup/20260521T193529Z_stage5_tenant_soft_delete/runs/primary/26_staging_404_verification/staging_91bd1c83-760d-497c-8e5a-f801a0678859_list_404_db.json
staging	f087a22f-b356-4471-957f-beb45467d3a0	list_failed	list_http_404	verify_404		already_deleted_confirmed	stage4_list_http_404_db_confirmed			docs/runbooks/evidence/prod_db_leak_cleanup/20260521T193529Z_stage5_tenant_soft_delete/runs/primary/26_staging_404_verification/staging_f087a22f-b356-4471-957f-beb45467d3a0_list_404_db.json
staging	3aae7a8c-df9a-4d3d-ac4e-90b611def503	list_failed	list_http_404	verify_404		already_deleted_confirmed	stage4_list_http_404_db_confirmed			docs/runbooks/evidence/prod_db_leak_cleanup/20260521T193529Z_stage5_tenant_soft_delete/runs/primary/26_staging_404_verification/staging_3aae7a8c-df9a-4d3d-ac4e-90b611def503_list_404_db.json
staging	e090beb9-4e87-438f-b24e-22502c5d83b1	no_deployments	customer_has_zero_deployments	delete	404	already_deleted_confirmed	delete_404_admin_get_deleted	docs/runbooks/evidence/prod_db_leak_cleanup/20260521T193529Z_stage5_tenant_soft_delete/runs/primary/24_delete_attempts/staging_e090beb9-4e87-438f-b24e-22502c5d83b1_delete.meta.json	docs/runbooks/evidence/prod_db_leak_cleanup/20260521T193529Z_stage5_tenant_soft_delete/runs/primary/24_delete_attempts/staging_e090beb9-4e87-438f-b24e-22502c5d83b1_delete.body	
staging	2fb3f55a-0a05-451b-abe7-e9e995cfe1a2	no_deployments	customer_has_zero_deployments	delete	404	already_deleted_confirmed	delete_404_admin_get_deleted	docs/runbooks/evidence/prod_db_leak_cleanup/20260521T193529Z_stage5_tenant_soft_delete/runs/primary/24_delete_attempts/staging_2fb3f55a-0a05-451b-abe7-e9e995cfe1a2_delete.meta.json	docs/runbooks/evidence/prod_db_leak_cleanup/20260521T193529Z_stage5_tenant_soft_delete/runs/primary/24_delete_attempts/staging_2fb3f55a-0a05-451b-abe7-e9e995cfe1a2_delete.body	
staging	8c86dc74-3d94-424e-bf3f-08724dec571c	no_deployments	customer_has_zero_deployments	delete	404	already_deleted_confirmed	delete_404_admin_get_deleted	docs/runbooks/evidence/prod_db_leak_cleanup/20260521T193529Z_stage5_tenant_soft_delete/runs/primary/24_delete_attempts/staging_8c86dc74-3d94-424e-bf3f-08724dec571c_delete.meta.json	docs/runbooks/evidence/prod_db_leak_cleanup/20260521T193529Z_stage5_tenant_soft_delete/runs/primary/24_delete_attempts/staging_8c86dc74-3d94-424e-bf3f-08724dec571c_delete.body	
staging	5b9e22b4-c760-40f5-b0b0-aea473b3b35c	no_deployments	customer_has_zero_deployments	delete	404	already_deleted_confirmed	delete_404_admin_get_deleted	docs/runbooks/evidence/prod_db_leak_cleanup/20260521T193529Z_stage5_tenant_soft_delete/runs/primary/24_delete_attempts/staging_5b9e22b4-c760-40f5-b0b0-aea473b3b35c_delete.meta.json	docs/runbooks/evidence/prod_db_leak_cleanup/20260521T193529Z_stage5_tenant_soft_delete/runs/primary/24_delete_attempts/staging_5b9e22b4-c760-40f5-b0b0-aea473b3b35c_delete.body	
staging	2fcfe758-49a2-4919-a887-925fcf7e6e34	no_deployments	customer_has_zero_deployments	delete	404	already_deleted_confirmed	delete_404_admin_get_deleted	docs/runbooks/evidence/prod_db_leak_cleanup/20260521T193529Z_stage5_tenant_soft_delete/runs/primary/24_delete_attempts/staging_2fcfe758-49a2-4919-a887-925fcf7e6e34_delete.meta.json	docs/runbooks/evidence/prod_db_leak_cleanup/20260521T193529Z_stage5_tenant_soft_delete/runs/primary/24_delete_attempts/staging_2fcfe758-49a2-4919-a887-925fcf7e6e34_delete.body	
staging	81d06028-581a-4ea7-9e95-1026adedefad	no_deployments	customer_has_zero_deployments	delete	404	already_deleted_confirmed	delete_404_admin_get_deleted	docs/runbooks/evidence/prod_db_leak_cleanup/20260521T193529Z_stage5_tenant_soft_delete/runs/primary/24_delete_attempts/staging_81d06028-581a-4ea7-9e95-1026adedefad_delete.meta.json	docs/runbooks/evidence/prod_db_leak_cleanup/20260521T193529Z_stage5_tenant_soft_delete/runs/primary/24_delete_attempts/staging_81d06028-581a-4ea7-9e95-1026adedefad_delete.body	
staging	4fc9a6d7-35ab-4b4f-bd3d-67185cc02aa9	list_failed	list_http_404	verify_404		already_deleted_confirmed	stage4_list_http_404_db_confirmed			docs/runbooks/evidence/prod_db_leak_cleanup/20260521T193529Z_stage5_tenant_soft_delete/runs/primary/26_staging_404_verification/staging_4fc9a6d7-35ab-4b4f-bd3d-67185cc02aa9_list_404_db.json
staging	62c16e8b-62b1-445b-8e2e-78a530d919e3	list_failed	list_http_404	verify_404		already_deleted_confirmed	stage4_list_http_404_db_confirmed			docs/runbooks/evidence/prod_db_leak_cleanup/20260521T193529Z_stage5_tenant_soft_delete/runs/primary/26_staging_404_verification/staging_62c16e8b-62b1-445b-8e2e-78a530d919e3_list_404_db.json
staging	12806dcc-d3d6-4e60-a57b-bc75cb045f02	list_failed	list_http_404	verify_404		already_deleted_confirmed	stage4_list_http_404_db_confirmed			docs/runbooks/evidence/prod_db_leak_cleanup/20260521T193529Z_stage5_tenant_soft_delete/runs/primary/26_staging_404_verification/staging_12806dcc-d3d6-4e60-a57b-bc75cb045f02_list_404_db.json
staging	8f331a34-d7db-4f38-b281-5d1abda9914b	list_failed	list_http_404	verify_404		already_deleted_confirmed	stage4_list_http_404_db_confirmed			docs/runbooks/evidence/prod_db_leak_cleanup/20260521T193529Z_stage5_tenant_soft_delete/runs/primary/26_staging_404_verification/staging_8f331a34-d7db-4f38-b281-5d1abda9914b_list_404_db.json
staging	b2a36d77-6826-4481-b8c0-8d1b0e23d55b	list_failed	list_http_404	verify_404		already_deleted_confirmed	stage4_list_http_404_db_confirmed			docs/runbooks/evidence/prod_db_leak_cleanup/20260521T193529Z_stage5_tenant_soft_delete/runs/primary/26_staging_404_verification/staging_b2a36d77-6826-4481-b8c0-8d1b0e23d55b_list_404_db.json
staging	a50a82fd-ec9e-4b07-a6fe-5ed59e60b58f	list_failed	list_http_404	verify_404		already_deleted_confirmed	stage4_list_http_404_db_confirmed			docs/runbooks/evidence/prod_db_leak_cleanup/20260521T193529Z_stage5_tenant_soft_delete/runs/primary/26_staging_404_verification/staging_a50a82fd-ec9e-4b07-a6fe-5ed59e60b58f_list_404_db.json
staging	aa04b5c0-5c98-45f4-98e9-c29586369424	list_failed	list_http_404	verify_404		already_deleted_confirmed	stage4_list_http_404_db_confirmed			docs/runbooks/evidence/prod_db_leak_cleanup/20260521T193529Z_stage5_tenant_soft_delete/runs/primary/26_staging_404_verification/staging_aa04b5c0-5c98-45f4-98e9-c29586369424_list_404_db.json
staging	b5eb7e38-2959-4edf-ba26-4cbb758b743b	list_failed	list_http_404	verify_404		already_deleted_confirmed	stage4_list_http_404_db_confirmed			docs/runbooks/evidence/prod_db_leak_cleanup/20260521T193529Z_stage5_tenant_soft_delete/runs/primary/26_staging_404_verification/staging_b5eb7e38-2959-4edf-ba26-4cbb758b743b_list_404_db.json
staging	f6bb31ed-2fa3-49c6-bb72-cea5fe259f3e	list_failed	list_http_404	verify_404		already_deleted_confirmed	stage4_list_http_404_db_confirmed			docs/runbooks/evidence/prod_db_leak_cleanup/20260521T193529Z_stage5_tenant_soft_delete/runs/primary/26_staging_404_verification/staging_f6bb31ed-2fa3-49c6-bb72-cea5fe259f3e_list_404_db.json
